1,Slamet Sulaiman,samsulaiman@gmail.com,samsulaiman,Sulaiman1,Pasien,L,3.40104E+15,"Jl Gejayan no 26, Kota Yogyakarta, Daerah Istimewa Yogyakarta"
2,Aditya Praditho,pradityaa_@gmail.com,pradityaa_,Praditya1,Pasien,L,1.40104E+15,"Jl Mangga Dua Raya, Bekasi, Jawa Barat"
3,Adi Kurniawan,kurniawan_adi@gmail.com,kurniawan_adi,Kurniawan1,Pasien,L,2.40504E+15,"Jl Cipinang Muara I 21, Bandung, Jawa Barat"
4,Yayan Cahya Purnomo,purnomocahya@gmail.com,purnomocahya,Cahya1,Pasien,L,3.40504E+15,"Pogung Baru Blok B 24, Sleman, Daerah Istimewa Yogyakarta"
5,Adelia Puspawijaya,adelia_ppw@gmail.com,adelia_ppw,Adelia1,Pasien,P,1.20505E+15,"Jl Cokro Adi Wiyasmo No.12, Solo, Jawa Tengah"
6,Eliana Anggraeni,an_eliana@gmail.com,an_eliana,Eliana1,Pasien,P,3.40302E+15,"Perumahan Karang Pandan No.15, Sleman, Daerah Istimewa Yogyakarta"
